NYC_Host,URL
4th Avenue Presbyterian Church,
Alliance for Downtown New York,https://www.downtownny.com/compost/
Alliance for Kips Bay,
Assemblymember Anderson,https://www.nyassembly.gov/mem/Khaleel-M-Anderson
Astoria Pug,https://www.instagram.com/astoriapug/?hl=en
Battery Park City Authority,https://bpca.ny.gov/nature-and-sustainability/sustainability/
Big Reuse,https://www.bigreuse.org/service/compost/
BK Rot,https://www.bkrot.org
Bronx River Alliance,https://www.bronxriver.org
Brooklyn Hope Church,https://www.brooklynhope.org
Brotherhood/Sister Sol,https://www.brotherhood-sistersol.org
Carver Community Garden,
Coastal Preservation Network,https://www.coastalpreservation.org
Community Access,https://www.communityaccess.org/
Department of Sanitation,https://www.nyc.gov/smartcomposting
Down to Earth Garden,https://www.downtoearthgarden.org/
Earth Matter NY,https://www.earthmatter.org
East Elmhurst Community School,
East New York Farms,https://www.ucceny.org/enyf-old/compost/
EL Garden,https://www.facebook.com/elgardenbushwickpage/
Far Rock Urban Agro-Education Center,
Farm to People,
Forest Hills Green Team,https://www.commonpointqueens.org
Francis Martin Library,https://www.nypl.org/locations/francis-martin
Friends of Mosholu Parkland,https://www.mpcbronx.org
Genovesi Environmental Study Center,https://www.schools.nyc.gov/learning/student-journey/experiential-learning/genovesi-environmental-study-center
Grace Foundation,https://www.graceofny.org
GrowNYC,https://www.grownyc.org/compost
H.E.A.L.T.H for Youths Skyline Community Garden,www.health4youths.org
Haki Compost Collective,https://www.instagram.com/hakicompost/
Harlem Grown,www.harlemgrown.org/volunteer
Howard Garden,
Imani Community Garden,https://www.facebook.com/Imani-Garden-168006109999475/
Jenny's Garden,https://www.facebook.com/JennysGardenRiverside
"Kew Gardens CSA, sponsored by Kew Gardens Cinemas",kewgardenscsa.org
King Manor Museum,https://www.kingmanor.org/
La Plaza Cultural Community Garden,https://bit.ly/laplazadropoff
LES Ecology Center,https://www.lesecologycenter.org/programs/compost/compost-drop-off-locations/
Los Colibr√≠es Community Garden,https://www.facebook.com/jardin34/
Lydia's Magic Garden,https://www.facebook.com/lydiasmagicgarden/
Maggie's Garden,
Maggie's Magic Garden,
Malcolm X Boulevard Beautification Group,
Maple Street Community Garden,https://www.maplestreetcommunitygarden.com
Mary Mitchell Family & Youth Center,http://themarymitchellfyc.org/
Mathews-Palmer Park,https://bit.ly/Hkcompost
McIntosh Neighborhood Association,https://www.bqlt.org/garden/mcintosh-neighborhood-garden
Members at East 4th Street Community Garden,https://www.eastfourthstreetgarden.tumblr.com/
Members at Moore-Jackson Garden,https://www.facebook.com/MooreJacksonNYC/
Members of Vinegar Hill Community Garden,https://www.groundcycle.org/
Moffat St Community Garden,
New Beginnings Community Garden,https://www.instagram.com/new.beginnings.garden/
New Settlement - 170 Farm Stand,https://www.newsettlementcommunitycenter.org/
New Settlement's Community Food Action,https://www.NewSettlement.org/food
North Brooklyn Compost Project,https://www.nbkcompost.org
Northeast Bronx Farmers Market Project,https://www.facebook.com/northeastbronxcommunityfarmersmarket/
Nurture BK,https://www.instagram.com/nurturebk_compost/
NYC Compost Project,https://www.nyc.gov/assets/dsny/site/our-work/composting/community-composting
Old Stone House Brooklyn,
Olivet Heavenly Harvest,https://www.olivetheavenlyharvest.com
Padre Plaza Community Garden,
Paradise Garden,
Phoenix Community Garden,
Pleasant Village Community Garden,http://www.facebook.com/pleasantvillagecommunitygarden
Prospect Farm,https://www.prospectfarm.org/composting/
PS 90 Coney Island,
PS116 PTA,
PS281 Green Team,
Q Gardens,https://www.qgardenscf.com/places-to-drop-off-your-compost/
Queens Botanical Garden,
Rainbow Garden of Life and Health,
Riverdale Neighborhood House,https://www.riverdaleonline.org/
Rodale Pleasant Park Community Garden,
Rogers / Tilden / Veronica Place Garden,
Rusty Volunteers,https://www.bigreuse.org/
Snug Harbor Cultural Center & Botanical Garden,https://www.snug-harbor.org/
Snug Harbor Youth,https://www.snug-harbor.org/
Socrates Sculpture Park,https://www.socratessculpturepark.org
Spuyten Duyvil PreSchool,https://www.spuytenduyvilpreschool.org
St. Anastasia Roman Catholic Church,https://www.sta.nyc/
St. Mary's Harlem,https://www.stmarysharlem.org
Staff at Domino Park,http://www.dominopark.com/
Staff at Hudson River Park,https://hudsonriverpark.org/the-park/sustainability/community-compost-program/
Staff at Kingsbridge Heights Community Center,https://www.khcc-nyc.org
Staff at Queens County Farm Museum,http://queensfarm.org/
Staff at Wychoff Farmhouse Museum,https://www.wyckoffmuseum.org
Staten Island Urban Center,https://www.siurbancenter.org
Sure We Can,http://www.surewecan.org/composting
Target Bronx Community Garden,https://www.targetbronxcommunitygarden.org
Terraza 7,https://www.terraza7.com/
The Compost Collective,https://www.facebook.com/pg/thecompostcollective/about/?ref=page_internal
The Connected Chef,
The Earth Ministry of The Church of The Mediator,https://www.instagram.com/mediator_garden_and_composting/
Uptown Grand Central,
Volunteers at 1100 Bergen Street Community Garden,https://bqlt.org/garden/1100-block-bergen-st-community-garden
Volunteers at 45th Street Compost,https://linktr.ee/45thstreetcomposters
Volunteers at Abib Newborn Learning Garden,https://www.cityparksfoundation.org/learning-gardens/
Volunteers at Bushwick Grows!,https://www.riseboro.org
Volunteers at Christ Church,https://www.christchurchcobblehill.net
Volunteers at Drew Gardens,https://www.facebook.com/drewgardens.educationalrecreational
Volunteers at Edgemere Farm,http://www.edgemerefarm.org/
Volunteers at Einstein Community Garden,
Volunteers at Farm Spot,http://www.farmspot.org
Volunteers at Farmers Garden,
Volunteers at Friends of Brook Park Community Garden,
Volunteers at Garden of Resilience,https://www.laurelton.nyc/resilience
Volunteers at Glendale Community Garden,
Volunteers at Isabahlia LOE Foundation,https://www.isabahlialoefinc.org/
Volunteers at James Baldwin Outdoor Learning Center,https://www.jamesbaldwinoutdoorlearningcenter.org/
Volunteers at JH Scraps,https://www.jhbg.org/2020/07/28/jh-scraps-reopens
Volunteers at Kelly Street Garden,https://www.facebook.com/kellyst.garden/
Volunteers at La Familia Verde Farmers Market,https://www.lafamiliaverde.org/
Volunteers at Lehman College,https://www.lehman.cuny.edu/
Volunteers at PS17,https://www.ps17queens.com/
Volunteers at Smiling Hogshead Ranch,https://www.smilinghogsheadranch.org
Volunteers at St. James Compost,https://www.instagram.com/stjamescompost/
Volunteers at Walt L Shamel Community Garden,https://www.facebook.com/WaltLShamelCommunityGarden/
Volunteers at Woodside Sunnyside Composting,https://www.woodsidesunnysidecomposting.org/
Wagner College,https://www.wagner.edu
West Side Community Garden,https://www.instagram.com/westsidecommunitygarden